title,description,source,publishedAt,label
"How ‘One Battle After Another’ Shot Across a ‘Tapestry of California’: Finding the Car Chase Hills, Filming Next to the Border Wall and Consulting With Real Weed-Growing Nuns","All Paul Thomas Anderson movies are layered with fascinating characters and distinctive looks, but “One Battle After Another” might be the most ambitious of them all in terms of its massive scope. The movie races across the desert east of San Diego, down to t…",Variety,2025-09-27T16:30:00Z,0.0
"SUPERMAN Actor [SPOILER] Shares Official Look At Their PEACEMAKER Season 2 Cameo: ""Being Goofy Is No Threat""",The Superman actor who made a surprise appearance in this week's episode of Peacemaker has shared a first official look at the scene he shared with Frank Grillo's Rick Flag Sr...,CBM (Comic Book Movie),2025-09-27T16:25:34Z,1.0
Firehawk Aerospace secures $60 million investment from Presto Tech Horizons,"Firehawk Aerospace has secured an oversubscribed $60 million investment round led by 1789 Capital. The venture capital firm’s partnership group includes Donald Trump Jr. Presto Tech Horizons (PTH), a defense and resilience tech fund created through a partners…",Techpinions.com,2025-09-27T16:21:00Z,1.0
The 3 Best Growth Stocks to Buy in October,Here are three exceptional growth stocks that investors should consider including in their portfolios.,Barchart.com,2025-09-27T16:00:02Z,1.0
Today's news and jokes,"@newbiestartrek TNG's iconic poker game almost never existed... #startrek #startrektng #tng #picard #riker #trektok #trekkie #scifi #comedy #foryoupage #foryou #fyp ♬ original sound - Newbie Star Trek 
 











it's part of a growing wave of radiation-re…",Superpunch.net,2025-09-27T16:00:00Z,1.0
Anwar stands by Trump invite,"KUALA LUMPUR: Prime Minister Datuk Seri Anwar Ibrahim has rebuked critics questioning the invitation extended to US President Donald Trump to attend the 47th Asean Summit here next month, stressing that Malaysia will use the diplomatic platform to continue vo…",The Star Online,2025-09-27T16:00:00Z,1.0
M’sian education system a work in progress,"THE Malaysia Education Blueprint 2026–2035 and the 2027 school curriculum are in the process of being finalised, says the Education Ministry. Read full story",The Star Online,2025-09-27T16:00:00Z,1.0
WDTPRS – 16th Sunday after Pentecost: We need grace so as not to fail in the vocations God entrusts to us,See my piece on the readings for the 16th Sunday over at One Peter Five: HERE This Sunday’s dense Collect survived the scissors and paste-pots of the Consilium during the 1960’s and lived on in the post-Conciliar Missale Romanum as … Read More →,Wdtprs.com,2025-09-27T15:54:08Z,1.0
